conversion_id,click_id,campaign_id,conversion_date,conversion_type,revenue_usd
CONV-00005,CLK-002167,CAMP-007,2025-08-17,Newsletter,0.0
CONV-00482,CLK-003819,CAMP-020,2025-08-12,Demo Request,0.0
CONV-00571,CLK-004659,CAMP-034,2025-08-24,Newsletter,0.0
CONV-00568,CLK-003548,CAMP-015,2025-08-22,Purchase,198.89
CONV-00123,CLK-003006,CAMP-008,2025-09-30,Demo Request,0.0
CONV-00339,CLK-004011,CAMP-023,2025-07-03,Demo Request,0.0
CONV-00696,CLK-002884,CAMP-006,2025-08-12,Sign Up,125.21
CONV-00126,CLK-004920,CAMP-038,2025-07-15,Newsletter,0.0
CONV-00102,CLK-004394,CAMP-029,2025-09-03,Purchase,520.84
CONV-00088,CLK-003176,CAMP-011,2025-08-08,Purchase,381.98
CONV-00546,CLK-003502,CAMP-014,2025-09-25,Newsletter,0.0
CONV-00733,CLK-002438,CAMP-002,2025-08-12,Sign Up,99.52
CONV-00636,CLK-002631,CAMP-005,2025-09-05,Sign Up,130.32
CONV-00454,CLK-002680,CAMP-005,2025-08-07,Sign Up,114.88
CONV-00319,CLK-002991,CAMP-008,2025-08-23,Demo Request,0.0
CONV-00584,CLK-003180,CAMP-011,2025-08-03,Purchase,215.93
CONV-00090,CLK-002745,CAMP-005,2025-08-06,Sign Up,39.51
CONV-00395,CLK-004896,CAMP-037,2025-08-23,Sign Up,100.13
CONV-00640,CLK-003654,CAMP-018,2025-08-18,Demo Request,0.0
CONV-00388,CLK-003307,CAMP-013,2025-09-16,Purchase,405.5
CONV-00361,CLK-003730,CAMP-019,2025-09-27,Sign Up,55.69
CONV-00647,CLK-002588,CAMP-003,2025-08-11,Purchase,137.97
CONV-00424,CLK-004649,CAMP-034,2025-08-18,Newsletter,0.0
CONV-00428,CLK-002847,CAMP-006,2025-09-04,Sign Up,85.76
CONV-00351,CLK-004342,CAMP-029,2025-09-23,Demo Request,0.0
CONV-00798,CLK-002724,CAMP-005,2025-08-05,Newsletter,0.0
CONV-00476,CLK-004881,CAMP-037,2025-08-14,Sign Up,78.86
CONV-00623,CLK-004235,CAMP-026,2025-09-16,Sign Up,110.39
CONV-00176,CLK-003120,CAMP-009,2025-09-13,Newsletter,0.0
CONV-00624,CLK-003490,CAMP-014,2025-08-26,Newsletter,0.0
CONV-00159,CLK-004158,CAMP-024,2025-09-13,Purchase,470.23
CONV-00371,CLK-003609,CAMP-017,2025-09-30,Sign Up,73.65
CONV-00212,CLK-003865,CAMP-021,2025-09-04,Demo Request,0.0
CONV-00158,CLK-003428,CAMP-013,2025-08-18,Purchase,84.2
CONV-00182,CLK-003658,CAMP-018,2025-07-27,Demo Request,0.0
CONV-00539,CLK-004089,CAMP-024,2025-08-31,Newsletter,0.0
CONV-00004,CLK-001680,CAMP-007,2025-09-23,Newsletter,0.0
CONV-00506,CLK-003094,CAMP-009,2025-08-23,Sign Up,117.35
CONV-00573,CLK-003262,CAMP-012,2025-08-22,Sign Up,69.78
CONV-00563,CLK-003617,CAMP-017,2025-09-27,Demo Request,0.0
CONV-00054,CLK-003605,CAMP-017,2025-09-07,Sign Up,46.19
CONV-00401,CLK-003390,CAMP-013,2025-09-21,Demo Request,0.0
CONV-00333,CLK-003539,CAMP-015,2025-08-26,Sign Up,38.85
CONV-00787,CLK-002554,CAMP-003,2025-08-21,Purchase,307.05
CONV-00564,CLK-002650,CAMP-005,2025-09-23,Sign Up,20.41
CONV-00638,CLK-004867,CAMP-036,2025-08-20,Demo Request,0.0
CONV-00113,CLK-003017,CAMP-008,2025-07-29,Newsletter,0.0
CONV-00022,CLK-004983,CAMP-040,2025-07-20,Purchase,483.52
CONV-00375,CLK-004798,CAMP-035,2025-08-31,Demo Request,0.0
CONV-00366,CLK-004183,CAMP-025,2025-07-11,Demo Request,0.0
CONV-00024,CLK-002407,CAMP-002,2025-08-12,Demo Request,0.0
CONV-00464,CLK-002880,CAMP-006,2025-08-31,Newsletter,0.0
CONV-00078,CLK-003860,CAMP-021,2025-09-20,Sign Up,48.61
CONV-00317,CLK-003082,CAMP-009,2025-09-22,Sign Up,63.06
CONV-00509,CLK-004208,CAMP-026,2025-09-25,Sign Up,83.36
CONV-00343,CLK-004664,CAMP-034,2025-07-26,Demo Request,0.0
CONV-00474,CLK-003436,CAMP-014,2025-08-13,Purchase,256.73
CONV-00257,CLK-003765,CAMP-019,2025-09-23,Purchase,193.66
CONV-00171,CLK-002236,CAMP-001,2025-07-26,Purchase,370.69
CONV-00331,CLK-002855,CAMP-006,2025-08-06,Newsletter,0.0
CONV-00478,CLK-002717,CAMP-005,2025-09-09,Sign Up,49.2
CONV-00008,CLK-002051,CAMP-007,2025-08-30,Demo Request,0.0
CONV-00422,CLK-003803,CAMP-020,2025-08-25,Purchase,164.48
CONV-00435,CLK-003167,CAMP-011,2025-08-25,Sign Up,67.44
CONV-00392,CLK-004057,CAMP-024,2025-08-21,Newsletter,0.0
CONV-00772,CLK-003965,CAMP-023,2025-09-15,Purchase,367.79
CONV-00092,CLK-003527,CAMP-015,2025-08-08,Purchase,373.89
CONV-00609,CLK-003442,CAMP-014,2025-09-22,Sign Up,168.94
CONV-00606,CLK-004692,CAMP-034,2025-08-20,Sign Up,90.69
CONV-00081,CLK-003929,CAMP-021,2025-09-05,Demo Request,0.0
CONV-00523,CLK-002259,CAMP-001,2025-08-08,Sign Up,85.69
CONV-00210,CLK-003614,CAMP-017,2025-09-24,Demo Request,0.0
CONV-00517,CLK-004014,CAMP-023,2025-09-21,Purchase,178.46
CONV-00056,CLK-004360,CAMP-029,2025-08-27,Demo Request,0.0
CONV-00010,CLK-000128,CAMP-007,2025-09-15,Newsletter,0.0
CONV-00653,CLK-002232,CAMP-001,2025-08-22,Newsletter,0.0
CONV-00038,CLK-002439,CAMP-002,2025-08-18,Sign Up,47.83
CONV-00715,CLK-002800,CAMP-006,2025-08-09,Demo Request,0.0
CONV-00132,CLK-003244,CAMP-012,2025-08-19,Newsletter,0.0
CONV-00703,CLK-003702,CAMP-018,2025-08-17,Sign Up,128.47
CONV-00043,CLK-003874,CAMP-021,2025-09-15,Purchase,261.42
CONV-00117,CLK-003079,CAMP-009,2025-09-19,Newsletter,0.0
CONV-00096,CLK-003322,CAMP-013,2025-09-26,Newsletter,0.0
CONV-00255,CLK-004385,CAMP-029,2025-09-04,Sign Up,59.94
CONV-00020,CLK-001775,CAMP-007,2025-09-19,Newsletter,0.0
CONV-00129,CLK-003319,CAMP-013,2025-07-30,Demo Request,0.0
CONV-00526,CLK-003217,CAMP-011,2025-09-06,Newsletter,0.0
CONV-00554,CLK-004911,CAMP-038,2025-08-27,Newsletter,0.0
CONV-00582,CLK-002315,CAMP-001,2025-09-30,Purchase,350.01
CONV-00011,CLK-001824,CAMP-007,2025-09-16,Newsletter,0.0
CONV-00349,CLK-003012,CAMP-008,2025-09-22,Newsletter,0.0
CONV-00662,CLK-002603,CAMP-003,2025-07-20,Purchase,198.59
CONV-00016,CLK-001718,CAMP-007,2025-07-30,Newsletter,0.0
CONV-00246,CLK-002629,CAMP-004,2025-07-14,Purchase,552.83
CONV-00736,CLK-003183,CAMP-011,2025-07-26,Newsletter,0.0
CONV-00077,CLK-003476,CAMP-014,2025-08-14,Purchase,345.23
CONV-00233,CLK-003378,CAMP-013,2025-07-25,Sign Up,71.95
CONV-00686,CLK-004107,CAMP-024,2025-07-25,Newsletter,0.0
CONV-00057,CLK-004329,CAMP-028,2025-08-06,Demo Request,0.0
CONV-00718,CLK-002488,CAMP-002,2025-08-16,Demo Request,0.0
CONV-00677,CLK-002513,CAMP-003,2025-07-19,Sign Up,54.51
CONV-00382,CLK-002361,CAMP-001,2025-08-11,Newsletter,0.0
CONV-00082,CLK-002953,CAMP-008,2025-07-06,Newsletter,0.0
CONV-00281,CLK-002786,CAMP-006,2025-09-03,Sign Up,55.1
CONV-00472,CLK-004202,CAMP-025,2025-07-22,Newsletter,0.0
CONV-00579,CLK-002503,CAMP-003,2025-09-18,Sign Up,96.24
CONV-00673,CLK-004608,CAMP-032,2025-08-09,Newsletter,0.0
CONV-00299,CLK-004957,CAMP-040,2025-08-05,Purchase,369.58
CONV-00320,CLK-004233,CAMP-026,2025-09-21,Newsletter,0.0
CONV-00457,CLK-004405,CAMP-029,2025-07-08,Newsletter,0.0
CONV-00186,CLK-004315,CAMP-028,2025-08-11,Newsletter,0.0
CONV-00243,CLK-003748,CAMP-019,2025-09-19,Newsletter,0.0
CONV-00238,CLK-002958,CAMP-008,2025-07-31,Purchase,663.24
CONV-00580,CLK-002728,CAMP-005,2025-07-28,Demo Request,0.0
CONV-00586,CLK-004017,CAMP-023,2025-08-28,Demo Request,0.0
CONV-00645,CLK-002221,CAMP-001,2025-07-31,Demo Request,0.0
CONV-00566,CLK-003904,CAMP-021,2025-09-22,Purchase,548.57
CONV-00194,CLK-004630,CAMP-032,2025-08-04,Sign Up,22.98
CONV-00363,CLK-003591,CAMP-017,2025-09-07,Sign Up,87.85
CONV-00559,CLK-003566,CAMP-016,2025-09-22,Newsletter,0.0
CONV-00093,CLK-003447,CAMP-014,2025-09-07,Newsletter,0.0
CONV-00487,CLK-003241,CAMP-012,2025-08-07,Purchase,337.44
CONV-00750,CLK-002764,CAMP-005,2025-09-23,Newsletter,0.0
CONV-00770,CLK-003533,CAMP-015,2025-08-28,Demo Request,0.0
CONV-00262,CLK-002801,CAMP-006,2025-07-28,Demo Request,0.0
CONV-00712,CLK-004766,CAMP-035,2025-09-29,Newsletter,0.0
CONV-00313,CLK-002555,CAMP-003,2025-09-23,Purchase,316.36
CONV-00463,CLK-002230,CAMP-001,2025-08-27,Sign Up,88.28
CONV-00239,CLK-003041,CAMP-008,2025-07-09,Demo Request,0.0
CONV-00421,CLK-003423,CAMP-013,2025-09-09,Newsletter,0.0
CONV-00035,CLK-003205,CAMP-011,2025-07-28,Newsletter,0.0
CONV-00577,CLK-003542,CAMP-015,2025-08-21,Newsletter,0.0
CONV-00003,CLK-001792,CAMP-007,2025-09-30,Newsletter,0.0
CONV-00292,CLK-004201,CAMP-025,2025-07-27,Demo Request,0.0
CONV-00276,CLK-004476,CAMP-030,2025-08-18,Sign Up,111.52
CONV-00206,CLK-004662,CAMP-034,2025-08-06,Sign Up,25.41
CONV-00048,CLK-002558,CAMP-003,2025-07-21,Demo Request,0.0
CONV-00161,CLK-002736,CAMP-005,2025-08-25,Purchase,329.44
CONV-00021,CLK-004936,CAMP-038,2025-07-06,Demo Request,0.0
CONV-00679,CLK-003438,CAMP-014,2025-09-27,Newsletter,0.0
CONV-00423,CLK-002472,CAMP-002,2025-08-12,Sign Up,76.95
CONV-00112,CLK-003942,CAMP-023,2025-08-07,Sign Up,50.76
CONV-00356,CLK-003479,CAMP-014,2025-09-30,Newsletter,0.0
CONV-00754,CLK-003086,CAMP-009,2025-09-12,Demo Request,0.0
CONV-00692,CLK-003643,CAMP-018,2025-08-12,Sign Up,28.46
CONV-00648,CLK-003521,CAMP-015,2025-08-22,Sign Up,23.32
CONV-00684,CLK-002605,CAMP-003,2025-08-25,Newsletter,0.0
CONV-00438,CLK-002957,CAMP-008,2025-08-26,Newsletter,0.0
CONV-00475,CLK-004170,CAMP-025,2025-07-13,Newsletter,0.0
CONV-00666,CLK-003909,CAMP-021,2025-09-05,Purchase,398.21
CONV-00668,CLK-002203,CAMP-001,2025-09-24,Newsletter,0.0
CONV-00223,CLK-004517,CAMP-031,2025-09-17,Purchase,197.21
CONV-00773,CLK-003348,CAMP-013,2025-07-28,Newsletter,0.0
CONV-00116,CLK-003897,CAMP-021,2025-09-22,Demo Request,0.0
CONV-00119,CLK-003228,CAMP-011,2025-07-22,Sign Up,72.33
CONV-00111,CLK-002624,CAMP-004,2025-07-14,Newsletter,0.0
CONV-00518,CLK-003565,CAMP-016,2025-09-06,Newsletter,0.0
CONV-00030,CLK-004070,CAMP-024,2025-07-24,Newsletter,0.0
CONV-00140,CLK-003412,CAMP-013,2025-08-30,Sign Up,73.41
CONV-00397,CLK-003758,CAMP-019,2025-09-05,Newsletter,0.0
CONV-00275,CLK-002706,CAMP-005,2025-08-17,Sign Up,74.37
CONV-00026,CLK-002430,CAMP-002,2025-08-09,Newsletter,0.0
CONV-00675,CLK-003147,CAMP-010,2025-08-23,Newsletter,0.0
CONV-00774,CLK-004698,CAMP-034,2025-08-24,Purchase,399.15
CONV-00249,CLK-004137,CAMP-024,2025-09-10,Demo Request,0.0
CONV-00064,CLK-003407,CAMP-013,2025-08-25,Demo Request,0.0
CONV-00201,CLK-003295,CAMP-013,2025-09-25,Newsletter,0.0
CONV-00449,CLK-002228,CAMP-001,2025-08-25,Demo Request,0.0
CONV-00462,CLK-004169,CAMP-025,2025-07-28,Newsletter,0.0
CONV-00707,CLK-004410,CAMP-029,2025-07-12,Newsletter,0.0
CONV-00418,CLK-004434,CAMP-030,2025-09-09,Newsletter,0.0
CONV-00348,CLK-004624,CAMP-032,2025-08-31,Demo Request,0.0
CONV-00200,CLK-002973,CAMP-008,2025-08-19,Sign Up,35.41
CONV-00596,CLK-004003,CAMP-023,2025-09-04,Sign Up,71.5
CONV-00245,CLK-002213,CAMP-001,2025-07-22,Sign Up,94.55
CONV-00761,CLK-004213,CAMP-026,2025-09-20,Sign Up,68.95
CONV-00105,CLK-003557,CAMP-016,2025-09-30,Newsletter,0.0
CONV-00163,CLK-003524,CAMP-015,2025-08-29,Newsletter,0.0
CONV-00452,CLK-002257,CAMP-001,2025-08-28,Sign Up,73.45
CONV-00025,CLK-004278,CAMP-028,2025-08-16,Sign Up,17.01
CONV-00433,CLK-003500,CAMP-014,2025-08-14,Newsletter,0.0
CONV-00604,CLK-003089,CAMP-009,2025-08-22,Sign Up,91.26
CONV-00669,CLK-004823,CAMP-036,2025-07-14,Demo Request,0.0
CONV-00745,CLK-002908,CAMP-006,2025-07-22,Purchase,193.34
CONV-00503,CLK-002968,CAMP-008,2025-08-31,Newsletter,0.0
CONV-00657,CLK-003483,CAMP-014,2025-09-01,Purchase,420.66
CONV-00565,CLK-002702,CAMP-005,2025-08-29,Demo Request,0.0
CONV-00367,CLK-004359,CAMP-029,2025-08-08,Purchase,399.86
CONV-00430,CLK-003503,CAMP-014,2025-08-30,Newsletter,0.0
CONV-00572,CLK-002614,CAMP-004,2025-07-09,Demo Request,0.0
CONV-00630,CLK-004602,CAMP-032,2025-08-26,Newsletter,0.0
CONV-00785,CLK-004163,CAMP-024,2025-07-30,Newsletter,0.0
CONV-00260,CLK-002224,CAMP-001,2025-07-06,Demo Request,0.0
CONV-00779,CLK-002286,CAMP-001,2025-08-18,Sign Up,104.46
CONV-00208,CLK-003247,CAMP-012,2025-08-01,Newsletter,0.0
CONV-00071,CLK-002987,CAMP-008,2025-07-08,Purchase,345.54
CONV-00086,CLK-003518,CAMP-015,2025-08-26,Newsletter,0.0
CONV-00277,CLK-002963,CAMP-008,2025-08-14,Demo Request,0.0
CONV-00753,CLK-003232,CAMP-011,2025-09-15,Sign Up,91.37
CONV-00504,CLK-004302,CAMP-028,2025-08-28,Sign Up,39.95
CONV-00741,CLK-002589,CAMP-003,2025-07-05,Sign Up,117.01
CONV-00226,CLK-002216,CAMP-001,2025-08-17,Sign Up,65.73
CONV-00562,CLK-002749,CAMP-005,2025-08-31,Newsletter,0.0
CONV-00190,CLK-002519,CAMP-003,2025-08-03,Sign Up,86.08
CONV-00170,CLK-004105,CAMP-024,2025-09-22,Newsletter,0.0
CONV-00403,CLK-004465,CAMP-030,2025-08-11,Demo Request,0.0
CONV-00629,CLK-002849,CAMP-006,2025-07-23,Sign Up,70.47
CONV-00722,CLK-004259,CAMP-028,2025-08-17,Purchase,343.68
CONV-00664,CLK-003655,CAMP-018,2025-08-25,Sign Up,88.6
CONV-00426,CLK-004933,CAMP-038,2025-07-12,Sign Up,95.42
CONV-00685,CLK-004555,CAMP-032,2025-08-08,Newsletter,0.0
CONV-00394,CLK-003043,CAMP-008,2025-09-11,Newsletter,0.0
CONV-00495,CLK-003510,CAMP-015,2025-08-16,Newsletter,0.0
CONV-00296,CLK-003162,CAMP-011,2025-07-06,Purchase,80
CONV-00017,CLK-000978,CAMP-007,2025-08-03,Newsletter,0.0
CONV-00760,CLK-002995,CAMP-008,2025-08-18,Newsletter,0.0
CONV-00451,CLK-003161,CAMP-011,2025-09-06,Newsletter,0.0
CONV-00479,CLK-004658,CAMP-034,2025-09-06,Demo Request,0.0
CONV-00601,CLK-003270,CAMP-012,2025-08-08,Newsletter,0.0
CONV-00477,CLK-004618,CAMP-032,2025-09-01,Newsletter,0.0
CONV-00628,CLK-003443,CAMP-014,2025-09-23,Sign Up,43.06
CONV-00280,CLK-003432,CAMP-014,2025-09-07,Demo Request,0.0
CONV-00557,CLK-004436,CAMP-030,2025-09-11,Purchase,251.23
CONV-00613,CLK-002477,CAMP-002,2025-08-15,Demo Request,0.0
CONV-00400,CLK-004518,CAMP-031,2025-09-25,Demo Request,0.0
CONV-00769,CLK-002339,CAMP-001,2025-09-28,Purchase,280.8
CONV-00095,CLK-002859,CAMP-006,2025-09-01,Newsletter,0.0
CONV-00473,CLK-003224,CAMP-011,2025-08-01,Sign Up,94.32
CONV-00646,CLK-003837,CAMP-020,2025-07-21,Sign Up,126.8
CONV-00235,CLK-004651,CAMP-034,2025-09-07,Newsletter,0.0
CONV-00248,CLK-002527,CAMP-003,2025-09-20,Newsletter,0.0
CONV-00594,CLK-004205,CAMP-025,2025-07-31,Sign Up,130.04
CONV-00738,CLK-002827,CAMP-006,2025-09-24,Newsletter,0.0
CONV-00372,CLK-003092,CAMP-009,2025-09-10,Sign Up,118.07
CONV-00350,CLK-003433,CAMP-014,2025-09-13,Newsletter,0.0
CONV-00775,CLK-004895,CAMP-037,2025-08-05,Sign Up,73.57
CONV-00100,CLK-004563,CAMP-032,2025-08-18,Demo Request,0.0
CONV-00705,CLK-003368,CAMP-013,2025-08-17,Sign Up,119.64
CONV-00156,CLK-004189,CAMP-025,2025-07-30,Demo Request,0.0
CONV-00074,CLK-003329,CAMP-013,2025-07-02,Demo Request,0.0
CONV-00305,CLK-003343,CAMP-013,2025-08-28,Demo Request,0.0
CONV-00622,CLK-003216,CAMP-011,2025-07-01,Demo Request,0.0
CONV-00492,CLK-002753,CAMP-005,2025-08-25,Newsletter,0.0
CONV-00091,CLK-002746,CAMP-005,2025-08-28,Newsletter,0.0
CONV-00616,CLK-004963,CAMP-040,2025-08-21,Newsletter,0.0
CONV-00735,CLK-002316,CAMP-001,2025-08-12,Demo Request,0.0
CONV-00152,CLK-003382,CAMP-013,2025-08-22,Sign Up,43.56
CONV-00700,CLK-004207,CAMP-026,2025-09-03,Demo Request,0.0
CONV-00130,CLK-003932,CAMP-022,2025-08-12,Newsletter,0.0
CONV-00542,CLK-004362,CAMP-029,2025-07-11,Newsletter,0.0
CONV-00049,CLK-003755,CAMP-019,2025-09-30,Newsletter,0.0
CONV-00789,CLK-004571,CAMP-032,2025-08-12,Newsletter,0.0
CONV-00611,CLK-002249,CAMP-001,2025-07-15,Demo Request,0.0
CONV-00713,CLK-004495,CAMP-031,2025-08-16,Sign Up,106.86
CONV-00531,CLK-003987,CAMP-023,2025-07-14,Newsletter,0.0
CONV-00166,CLK-002601,CAMP-003,2025-08-28,Sign Up,84.67
CONV-00203,CLK-004807,CAMP-035,2025-09-06,Demo Request,0.0
CONV-00576,CLK-003715,CAMP-018,2025-08-07,Demo Request,0.0
CONV-00110,CLK-004975,CAMP-040,2025-08-25,Sign Up,126.42
CONV-00142,CLK-003991,CAMP-023,2025-09-20,Newsletter,0.0
CONV-00742,CLK-002398,CAMP-002,2025-08-10,Sign Up,99.08
CONV-00633,CLK-003277,CAMP-012,2025-08-10,Demo Request,0.0
CONV-00800,CLK-003616,CAMP-017,2025-09-10,Purchase,429.03
CONV-00500,CLK-004769,CAMP-035,2025-09-08,Demo Request,0.0
CONV-00107,CLK-004516,CAMP-031,2025-08-07,Purchase,526.13
CONV-00695,CLK-004452,CAMP-030,2025-08-30,Newsletter,0.0
CONV-00429,CLK-002741,CAMP-005,2025-09-14,Demo Request,0.0
CONV-00765,CLK-003005,CAMP-008,2025-08-14,Purchase,296.4
CONV-00581,CLK-002964,CAMP-008,2025-09-04,Demo Request,0.0
CONV-00544,CLK-002611,CAMP-004,2025-07-16,Purchase,318.3
CONV-00607,CLK-003577,CAMP-017,2025-09-28,Newsletter,0.0
CONV-00273,CLK-002630,CAMP-004,2025-07-08,Newsletter,0.0
CONV-00795,CLK-003589,CAMP-017,2025-09-02,Newsletter,0.0
CONV-00755,CLK-002672,CAMP-005,2025-08-18,Newsletter,0.0
CONV-00283,CLK-002737,CAMP-005,2025-08-07,Sign Up,81.78
CONV-00050,CLK-004094,CAMP-024,2025-09-16,Demo Request,0.0
CONV-00619,CLK-004247,CAMP-027,2025-09-24,Newsletter,0.0
CONV-00560,CLK-002719,CAMP-005,2025-09-11,Demo Request,0.0
CONV-00498,CLK-004321,CAMP-028,2025-08-24,Newsletter,0.0
CONV-00644,CLK-004953,CAMP-039,2025-09-03,Sign Up,83.65
CONV-00540,CLK-004227,CAMP-026,2025-09-13,Demo Request,0.0
CONV-00141,CLK-003318,CAMP-013,2025-09-03,Purchase,278.48
CONV-00727,CLK-002756,CAMP-005,2025-09-17,Demo Request,0.0
CONV-00047,CLK-002574,CAMP-003,2025-07-18,Newsletter,0.0
CONV-00689,CLK-003073,CAMP-009,2025-09-23,Demo Request,0.0
CONV-00757,CLK-004932,CAMP-038,2025-09-07,Sign Up,65.24
CONV-00436,CLK-003159,CAMP-011,2025-08-27,Sign Up,88.71
CONV-00759,CLK-004969,CAMP-040,2025-09-14,Demo Request,0.0
CONV-00681,CLK-003413,CAMP-013,2025-09-30,Sign Up,104.83
CONV-00411,CLK-002392,CAMP-002,2025-08-27,Demo Request,0.0
CONV-00007,CLK-000446,CAMP-007,2025-07-28,Newsletter,0.0
CONV-00335,CLK-004069,CAMP-024,2025-07-06,Sign Up,86.77
CONV-00491,CLK-002547,CAMP-003,2025-08-20,Purchase,350.73
CONV-00670,CLK-004272,CAMP-028,2025-08-19,Newsletter,0.0
CONV-00304,CLK-003258,CAMP-012,2025-08-28,Newsletter,0.0
CONV-00188,CLK-003993,CAMP-023,2025-07-13,Newsletter,0.0
CONV-00389,CLK-004538,CAMP-031,2025-08-12,Sign Up,122.45
CONV-00461,CLK-003077,CAMP-009,2025-09-06,Purchase,222.6
CONV-00384,CLK-004713,CAMP-035,2025-09-25,Demo Request,0.0
CONV-00268,CLK-004328,CAMP-028,2025-08-15,Sign Up,96.27
CONV-00720,CLK-003843,CAMP-020,2025-07-08,Newsletter,0.0
CONV-00651,CLK-002332,CAMP-001,2025-07-05,Newsletter,0.0
CONV-00357,CLK-002570,CAMP-003,2025-07-29,Demo Request,0.0
CONV-00062,CLK-002876,CAMP-006,2025-07-11,Demo Request,0.0
CONV-00541,CLK-003328,CAMP-013,2025-07-25,Sign Up,48.89
CONV-00458,CLK-003363,CAMP-013,2025-09-11,Sign Up,98.82
CONV-00660,CLK-003478,CAMP-014,2025-09-30,Demo Request,0.0
CONV-00002,CLK-002161,CAMP-007,2025-09-08,Newsletter,0.0
CONV-00052,CLK-002242,CAMP-001,2025-09-12,Newsletter,0.0
CONV-00150,CLK-004578,CAMP-032,2025-08-03,Newsletter,0.0
CONV-00583,CLK-003198,CAMP-011,2025-08-16,Demo Request,0.0
CONV-00719,CLK-002459,CAMP-002,2025-08-06,Sign Up,75.87
CONV-00441,CLK-003820,CAMP-020,2025-08-30,Purchase,193.24
CONV-00355,CLK-002878,CAMP-006,2025-07-26,Purchase,83.58
CONV-00764,CLK-003512,CAMP-015,2025-08-29,Newsletter,0.0
CONV-00545,CLK-003013,CAMP-008,2025-09-19,Demo Request,0.0
CONV-00162,CLK-003974,CAMP-023,2025-08-04,Sign Up,118.75
CONV-00209,CLK-004179,CAMP-025,2025-07-13,Sign Up,91.34
CONV-00247,CLK-004809,CAMP-036,2025-09-10,Sign Up,65.06
CONV-00466,CLK-003864,CAMP-021,2025-09-19,Demo Request,0.0
CONV-00133,CLK-003800,CAMP-020,2025-07-08,Demo Request,0.0
CONV-00494,CLK-004301,CAMP-028,2025-08-30,Purchase,391.13
CONV-00120,CLK-004043,CAMP-023,2025-08-08,Sign Up,120.04
CONV-00468,CLK-003184,CAMP-011,2025-07-23,Newsletter,0.0
CONV-00197,CLK-003775,CAMP-019,2025-09-24,Demo Request,0.0
CONV-00511,CLK-004914,CAMP-038,2025-09-05,Demo Request,0.0
CONV-00075,CLK-004432,CAMP-030,2025-08-29,Newsletter,0.0
CONV-00548,CLK-002530,CAMP-003,2025-07-25,Demo Request,0.0
CONV-00453,CLK-002567,CAMP-003,2025-08-19,Demo Request,0.0
CONV-00192,CLK-004128,CAMP-024,2025-07-23,Sign Up,57.77
CONV-00221,CLK-003426,CAMP-013,2025-07-26,Newsletter,0.0
CONV-00193,CLK-002813,CAMP-006,2025-07-07,Purchase,497.32
CONV-00499,CLK-004827,CAMP-036,2025-08-28,Newsletter,0.0
CONV-00323,CLK-003440,CAMP-014,2025-09-22,Demo Request,0.0
CONV-00146,CLK-002666,CAMP-005,2025-08-12,Sign Up,78.87
CONV-00740,CLK-002845,CAMP-006,2025-07-20,Sign Up,73.53
CONV-00134,CLK-004744,CAMP-035,2025-08-26,Purchase,550.71
CONV-00340,CLK-002342,CAMP-001,2025-07-20,Demo Request,0.0
CONV-00303,CLK-004269,CAMP-028,2025-08-21,Newsletter,0.0
CONV-00099,CLK-002556,CAMP-003,2025-09-20,Demo Request,0.0
CONV-00127,CLK-004240,CAMP-026,2025-09-25,Newsletter,0.0
CONV-00122,CLK-003491,CAMP-014,2025-09-06,Sign Up,71.96
CONV-00460,CLK-003411,CAMP-013,2025-09-15,Newsletter,0.0
CONV-00242,CLK-004909,CAMP-038,2025-07-12,Sign Up,149.55
CONV-00470,CLK-003792,CAMP-019,2025-09-09,Demo Request,0.0
CONV-00756,CLK-003285,CAMP-012,2025-08-28,Newsletter,0.0
CONV-00084,CLK-003933,CAMP-022,2025-08-06,Newsletter,0.0
CONV-00341,CLK-002684,CAMP-005,2025-09-15,Sign Up,53.63
CONV-00287,CLK-002381,CAMP-002,2025-08-15,Sign Up,70.86
CONV-00744,CLK-003135,CAMP-010,2025-07-30,Demo Request,0.0
CONV-00028,CLK-002447,CAMP-002,2025-08-21,Sign Up,118.27
CONV-00263,CLK-004619,CAMP-032,2025-08-31,Purchase,171.48
CONV-00045,CLK-003179,CAMP-011,2025-08-03,Sign Up,43.55
CONV-00157,CLK-004127,CAMP-024,2025-09-03,Demo Request,0.0
CONV-00089,CLK-002210,CAMP-001,2025-07-20,Sign Up,86.91
CONV-00344,CLK-003418,CAMP-013,2025-09-21,Newsletter,0.0
CONV-00310,CLK-004429,CAMP-030,2025-09-09,Newsletter,0.0
CONV-00027,CLK-004331,CAMP-028,2025-08-28,Newsletter,0.0
CONV-00595,CLK-002690,CAMP-005,2025-08-01,Newsletter,0.0
CONV-00345,CLK-003920,CAMP-021,2025-09-27,Demo Request,0.0
CONV-00697,CLK-004880,CAMP-037,2025-08-19,Newsletter,0.0
CONV-00721,CLK-003335,CAMP-013,2025-09-13,Sign Up,76.71
CONV-00264,CLK-004721,CAMP-035,2025-08-11,Sign Up,43.9
CONV-00324,CLK-002351,CAMP-001,2025-09-24,Purchase,257.46
CONV-00752,CLK-002978,CAMP-008,2025-08-25,Demo Request,0.0
CONV-00529,CLK-003379,CAMP-013,2025-07-02,Purchase,278.04
CONV-00293,CLK-004380,CAMP-029,2025-08-26,Purchase,421.73
CONV-00691,CLK-004144,CAMP-024,2025-09-07,Sign Up,56.01
CONV-00352,CLK-002325,CAMP-001,2025-08-26,Newsletter,0.0
CONV-00784,CLK-004865,CAMP-036,2025-08-19,Sign Up,59.35
CONV-00227,CLK-004073,CAMP-024,2025-09-01,Sign Up,85.41
CONV-00359,CLK-002390,CAMP-002,2025-08-27,Demo Request,0.0
CONV-00402,CLK-003764,CAMP-019,2025-09-08,Sign Up,136.79
CONV-00515,CLK-002802,CAMP-006,2025-08-03,Sign Up,13.1
CONV-00556,CLK-004229,CAMP-026,2025-09-07,Demo Request,0.0
CONV-00346,CLK-002703,CAMP-005,2025-08-23,Sign Up,92.03
CONV-00136,CLK-004822,CAMP-036,2025-07-07,Newsletter,0.0
CONV-00767,CLK-003002,CAMP-008,2025-08-16,Sign Up,48.21
CONV-00587,CLK-003545,CAMP-015,2025-08-09,Purchase,319.59
CONV-00228,CLK-004447,CAMP-030,2025-08-04,Sign Up,68.57
CONV-00124,CLK-003669,CAMP-018,2025-08-31,Sign Up,84.81
CONV-00467,CLK-003204,CAMP-011,2025-07-13,Demo Request,0.0
CONV-00125,CLK-004237,CAMP-026,2025-09-05,Purchase,317.56
CONV-00101,CLK-002399,CAMP-002,2025-08-04,Newsletter,0.0
CONV-00702,CLK-003471,CAMP-014,2025-09-30,Sign Up,47.68
CONV-00237,CLK-003676,CAMP-018,2025-07-22,Demo Request,0.0
CONV-00230,CLK-003218,CAMP-011,2025-07-21,Purchase,250.79
CONV-00605,CLK-003136,CAMP-010,2025-07-17,Sign Up,95.08
CONV-00301,CLK-003395,CAMP-013,2025-08-23,Demo Request,0.0
CONV-00229,CLK-004811,CAMP-036,2025-08-04,Newsletter,0.0
CONV-00311,CLK-003211,CAMP-011,2025-07-31,Purchase,171.72
CONV-00588,CLK-004986,CAMP-040,2025-07-11,Sign Up,44.29
CONV-00698,CLK-004138,CAMP-024,2025-08-02,Purchase,386.1
CONV-00762,CLK-003275,CAMP-012,2025-08-12,Demo Request,0.0
CONV-00291,CLK-003584,CAMP-017,2025-09-23,Demo Request,0.0
CONV-00029,CLK-003354,CAMP-013,2025-07-27,Sign Up,88.83
CONV-00687,CLK-002413,CAMP-002,2025-08-27,Sign Up,78.97
CONV-00481,CLK-002754,CAMP-005,2025-09-04,Sign Up,85.61
CONV-00250,CLK-004459,CAMP-030,2025-08-24,Sign Up,107.41
CONV-00368,CLK-004688,CAMP-034,2025-07-20,Sign Up,108.49
CONV-00734,CLK-003703,CAMP-018,2025-08-04,Newsletter,0.0
CONV-00063,CLK-004300,CAMP-028,2025-08-18,Sign Up,92.65
CONV-00641,CLK-004583,CAMP-032,2025-08-17,Sign Up,102.15
CONV-00326,CLK-002695,CAMP-005,2025-09-06,Demo Request,0.0
CONV-00486,CLK-004404,CAMP-029,2025-07-22,Newsletter,0.0
CONV-00231,CLK-003271,CAMP-012,2025-08-26,Sign Up,69.41
CONV-00614,CLK-004491,CAMP-031,2025-07-28,Newsletter,0.0
CONV-00534,CLK-003778,CAMP-019,2025-09-29,Sign Up,75.19
CONV-00618,CLK-004991,CAMP-040,2025-09-25,Demo Request,0.0
CONV-00306,CLK-004312,CAMP-028,2025-08-24,Sign Up,44.68
CONV-00625,CLK-004033,CAMP-023,2025-07-26,Purchase,209.51
CONV-00528,CLK-003243,CAMP-012,2025-08-25,Newsletter,0.0
CONV-00379,CLK-003992,CAMP-023,2025-08-28,Purchase,389.55
CONV-00512,CLK-004041,CAMP-023,2025-09-03,Demo Request,0.0
CONV-00768,CLK-004592,CAMP-032,2025-08-06,Newsletter,0.0
CONV-00031,CLK-003618,CAMP-017,2025-09-10,Demo Request,0.0
CONV-00538,CLK-002318,CAMP-001,2025-08-14,Purchase,408.91
CONV-00493,CLK-002320,CAMP-001,2025-09-08,Demo Request,0.0
CONV-00665,CLK-004523,CAMP-031,2025-07-24,Sign Up,98.78
CONV-00322,CLK-003989,CAMP-023,2025-08-20,Newsletter,0.0
CONV-00799,CLK-003660,CAMP-018,2025-08-19,Newsletter,0.0
CONV-00456,CLK-004298,CAMP-028,2025-08-26,Newsletter,0.0
CONV-00244,CLK-003905,CAMP-021,2025-09-04,Purchase,382.46
CONV-00018,CLK-001344,CAMP-007,2025-08-23,Demo Request,0.0
CONV-00693,CLK-002779,CAMP-006,2025-09-01,Purchase,561.5
CONV-00106,CLK-003400,CAMP-013,2025-09-04,Sign Up,95.35
CONV-00642,CLK-004987,CAMP-040,2025-09-14,Sign Up,94.0
CONV-00589,CLK-004148,CAMP-024,2025-09-05,Newsletter,0.0
CONV-00147,CLK-004712,CAMP-035,2025-08-05,Sign Up,58.65
CONV-00282,CLK-002890,CAMP-006,2025-09-08,Newsletter,0.0
CONV-00289,CLK-004859,CAMP-036,2025-07-04,Sign Up,103.54
CONV-00726,CLK-003665,CAMP-018,2025-09-06,Sign Up,52.5
CONV-00547,CLK-003977,CAMP-023,2025-09-12,Newsletter,0.0
CONV-00561,CLK-004846,CAMP-036,2025-08-13,Demo Request,0.0
CONV-00778,CLK-004412,CAMP-029,2025-09-30,Purchase,186.78
CONV-00369,CLK-004182,CAMP-025,2025-07-13,Purchase,240.6
CONV-00376,CLK-002906,CAMP-006,2025-07-22,Sign Up,90.75
CONV-00040,CLK-004266,CAMP-028,2025-08-12,Newsletter,0.0
CONV-00309,CLK-002833,CAMP-006,2025-08-07,Newsletter,0.0
CONV-00575,CLK-003155,CAMP-011,2025-08-20,Demo Request,0.0
CONV-00448,CLK-003067,CAMP-009,2025-08-23,Sign Up,62.42
CONV-00780,CLK-004361,CAMP-029,2025-08-18,Newsletter,0.0
CONV-00118,CLK-003273,CAMP-012,2025-08-10,Purchase,147.66
CONV-00450,CLK-004192,CAMP-025,2025-07-17,Sign Up,42.37
CONV-00444,CLK-004034,CAMP-023,2025-08-19,Sign Up,91.95
CONV-00225,CLK-003472,CAMP-014,2025-09-01,Newsletter,0.0
CONV-00443,CLK-003525,CAMP-015,2025-08-19,Sign Up,74.65
CONV-00168,CLK-004781,CAMP-035,2025-07-06,Newsletter,0.0
CONV-00198,CLK-002341,CAMP-001,2025-09-23,Newsletter,0.0
CONV-00796,CLK-003050,CAMP-008,2025-09-09,Sign Up,61.3
CONV-00643,CLK-004529,CAMP-031,2025-09-17,Newsletter,0.0
CONV-00172,CLK-004470,CAMP-030,2025-08-09,Newsletter,0.0
CONV-00108,CLK-003752,CAMP-019,2025-09-12,Purchase,398.61
CONV-00794,CLK-002428,CAMP-002,2025-08-19,Sign Up,20.77
CONV-00502,CLK-004549,CAMP-031,2025-08-11,Demo Request,0.0
CONV-00365,CLK-004097,CAMP-024,2025-08-10,Newsletter,0.0
CONV-00316,CLK-004231,CAMP-026,2025-09-09,Demo Request,0.0
CONV-00330,CLK-003118,CAMP-009,2025-09-01,Sign Up,90.33
CONV-00321,CLK-002258,CAMP-001,2025-09-29,Newsletter,0.0
CONV-00036,CLK-003821,CAMP-020,2025-07-25,Sign Up,61.5
CONV-00390,CLK-004422,CAMP-029,2025-08-19,Demo Request,0.0
CONV-00073,CLK-002285,CAMP-001,2025-07-11,Sign Up,92.16
CONV-00042,CLK-003677,CAMP-018,2025-09-16,Purchase,431.26
CONV-00552,CLK-002993,CAMP-008,2025-09-30,Sign Up,82.65
CONV-00216,CLK-003570,CAMP-017,2025-09-16,Purchase,413.3
CONV-00514,CLK-002368,CAMP-001,2025-07-21,Demo Request,0.0
CONV-00551,CLK-004782,CAMP-035,2025-07-06,Sign Up,42.64
CONV-00612,CLK-003455,CAMP-014,2025-09-02,Newsletter,0.0
CONV-00286,CLK-003497,CAMP-014,2025-08-25,Sign Up,55.93
CONV-00234,CLK-003174,CAMP-011,2025-07-10,Newsletter,0.0
CONV-00144,CLK-004141,CAMP-024,2025-07-25,Demo Request,0.0
CONV-00781,CLK-002539,CAMP-003,2025-08-23,Purchase,518.89
CONV-00667,CLK-002596,CAMP-003,2025-09-14,Newsletter,0.0
CONV-00009,CLK-002140,CAMP-007,2025-09-14,Newsletter,0.0
CONV-00489,CLK-003988,CAMP-023,2025-08-29,Demo Request,0.0
CONV-00415,CLK-003883,CAMP-021,2025-09-18,Sign Up,58.95
CONV-00195,CLK-003891,CAMP-021,2025-09-10,Newsletter,0.0
CONV-00537,CLK-003045,CAMP-008,2025-07-11,Demo Request,0.0
CONV-00191,CLK-003740,CAMP-019,2025-09-16,Newsletter,0.0
CONV-00037,CLK-004674,CAMP-034,2025-07-20,Demo Request,0.0
CONV-00709,CLK-004000,CAMP-023,2025-09-08,Newsletter,0.0
CONV-00039,CLK-002971,CAMP-008,2025-07-30,Newsletter,0.0
CONV-00202,CLK-003293,CAMP-013,2025-08-31,Sign Up,117.38
CONV-00739,CLK-004462,CAMP-030,2025-09-19,Sign Up,54.63
CONV-00012,CLK-001694,CAMP-007,2025-07-15,Sign Up,49.95
CONV-00724,CLK-003535,CAMP-015,2025-08-20,Sign Up,70.13
CONV-00412,CLK-004258,CAMP-028,2025-08-22,Sign Up,36.65
CONV-00256,CLK-004349,CAMP-029,2025-09-23,Demo Request,0.0
CONV-00699,CLK-003898,CAMP-021,2025-09-20,Sign Up,33.29
CONV-00254,CLK-004704,CAMP-035,2025-08-19,Purchase,265.63
CONV-00591,CLK-003593,CAMP-017,2025-09-04,Newsletter,0.0
CONV-00148,CLK-004246,CAMP-027,2025-08-25,Sign Up,81.57
CONV-00342,CLK-003526,CAMP-015,2025-08-13,Newsletter,0.0
CONV-00532,CLK-004626,CAMP-032,2025-08-29,Demo Request,0.0
CONV-00370,CLK-003123,CAMP-009,2025-08-30,Sign Up,80.78
CONV-00180,CLK-002464,CAMP-002,2025-08-16,Demo Request,0.0
CONV-00076,CLK-003622,CAMP-017,2025-09-23,Purchase,373.11
CONV-00790,CLK-002667,CAMP-005,2025-09-07,Demo Request,0.0
CONV-00459,CLK-004444,CAMP-030,2025-08-06,Sign Up,61.23
CONV-00507,CLK-002394,CAMP-002,2025-08-21,Sign Up,78.97
CONV-00358,CLK-004703,CAMP-035,2025-08-08,Demo Request,0.0
CONV-00659,CLK-003774,CAMP-019,2025-09-24,Newsletter,0.0
CONV-00599,CLK-004829,CAMP-036,2025-09-06,Sign Up,101.6
CONV-00747,CLK-004669,CAMP-034,2025-07-25,Sign Up,92.16
CONV-00777,CLK-004694,CAMP-034,2025-07-19,Purchase,334.52
CONV-00485,CLK-003186,CAMP-011,2025-07-23,Demo Request,0.0
CONV-00098,CLK-002840,CAMP-006,2025-08-16,Demo Request,0.0
CONV-00530,CLK-004263,CAMP-028,2025-08-09,Demo Request,0.0
CONV-00143,CLK-004010,CAMP-023,2025-08-16,Purchase,272.68
CONV-00006,CLK-001088,CAMP-007,2025-09-24,Newsletter,0.0
CONV-00001,CLK-001011,CAMP-007,2025-09-06,Newsletter,0.0
CONV-00416,CLK-004413,CAMP-029,2025-09-28,Newsletter,0.0
CONV-00332,CLK-003302,CAMP-013,2025-09-10,Demo Request,0.0
CONV-00413,CLK-004993,CAMP-040,2025-08-14,Demo Request,0.0
CONV-00420,CLK-004696,CAMP-034,2025-07-30,Demo Request,0.0
CONV-00592,CLK-003747,CAMP-019,2025-09-02,Newsletter,0.0
CONV-00065,CLK-003078,CAMP-009,2025-08-30,Newsletter,0.0
CONV-00164,CLK-003493,CAMP-014,2025-08-22,Sign Up,20.96
CONV-00083,CLK-004157,CAMP-024,2025-09-09,Sign Up,103.95
CONV-00374,CLK-003667,CAMP-018,2025-07-28,Demo Request,0.0
CONV-00014,CLK-000986,CAMP-007,2025-09-14,Newsletter,0.0
CONV-00603,CLK-002904,CAMP-006,2025-07-14,Demo Request,0.0
CONV-00217,CLK-003537,CAMP-015,2025-08-08,Purchase,508.4
CONV-00364,CLK-004104,CAMP-024,2025-09-24,Newsletter,0.0
CONV-00782,CLK-003746,CAMP-019,2025-09-30,Demo Request,0.0
CONV-00104,CLK-003682,CAMP-018,2025-07-18,Newsletter,0.0
CONV-00290,CLK-004020,CAMP-023,2025-09-16,Sign Up,17.97
CONV-00610,CLK-002613,CAMP-004,2025-07-12,Sign Up,60.31
CONV-00381,CLK-002947,CAMP-008,2025-08-23,Newsletter,0.0
CONV-00085,CLK-004757,CAMP-035,2025-09-20,Demo Request,0.0
CONV-00066,CLK-003946,CAMP-023,2025-07-12,Demo Request,0.0
CONV-00480,CLK-004199,CAMP-025,2025-07-12,Newsletter,0.0
CONV-00446,CLK-004725,CAMP-035,2025-07-31,Newsletter,0.0
CONV-00325,CLK-003866,CAMP-021,2025-09-05,Purchase,247.35
CONV-00252,CLK-002330,CAMP-001,2025-09-30,Sign Up,83.3
CONV-00409,CLK-004831,CAMP-036,2025-08-15,Newsletter,0.0
CONV-00717,CLK-003282,CAMP-012,2025-08-13,Sign Up,64.83
CONV-00179,CLK-002270,CAMP-001,2025-09-22,Demo Request,0.0
CONV-00149,CLK-004303,CAMP-028,2025-08-15,Sign Up,116.75
CONV-00318,CLK-003080,CAMP-009,2025-08-22,Demo Request,0.0
CONV-00380,CLK-004249,CAMP-027,2025-08-22,Purchase,280.75
CONV-00536,CLK-004833,CAMP-036,2025-09-05,Purchase,281.72
CONV-00067,CLK-003268,CAMP-012,2025-08-26,Demo Request,0.0
CONV-00285,CLK-003219,CAMP-011,2025-07-21,Sign Up,60.11
CONV-00639,CLK-002485,CAMP-002,2025-08-17,Newsletter,0.0
CONV-00524,CLK-004906,CAMP-038,2025-07-29,Sign Up,39.69
CONV-00312,CLK-004067,CAMP-024,2025-09-07,Demo Request,0.0
CONV-00354,CLK-003595,CAMP-017,2025-09-29,Sign Up,68.88
CONV-00655,CLK-003868,CAMP-021,2025-09-07,Newsletter,0.0
CONV-00295,CLK-003346,CAMP-013,2025-09-21,Newsletter,0.0
CONV-00214,CLK-004967,CAMP-040,2025-09-08,Demo Request,0.0
CONV-00550,CLK-002211,CAMP-001,2025-07-16,Purchase,309.98
CONV-00671,CLK-003036,CAMP-008,2025-08-18,Newsletter,0.0
CONV-00284,CLK-003670,CAMP-018,2025-09-18,Newsletter,0.0
CONV-00269,CLK-004200,CAMP-025,2025-07-18,Demo Request,0.0
CONV-00445,CLK-004456,CAMP-030,2025-08-22,Newsletter,0.0
CONV-00109,CLK-004714,CAMP-035,2025-07-28,Newsletter,0.0
CONV-00177,CLK-004486,CAMP-031,2025-09-09,Demo Request,0.0
CONV-00224,CLK-004717,CAMP-035,2025-08-30,Sign Up,66.47
CONV-00297,CLK-004177,CAMP-025,2025-07-26,Demo Request,0.0
CONV-00145,CLK-003310,CAMP-013,2025-08-25,Newsletter,0.0
CONV-00620,CLK-004652,CAMP-034,2025-09-01,Sign Up,74.15
CONV-00396,CLK-004577,CAMP-032,2025-08-08,Demo Request,0.0
CONV-00274,CLK-002376,CAMP-001,2025-08-05,Sign Up,122.89
CONV-00635,CLK-003578,CAMP-017,2025-09-14,Demo Request,0.0
CONV-00393,CLK-004171,CAMP-025,2025-07-30,Newsletter,0.0
CONV-00271,CLK-002283,CAMP-001,2025-08-21,Purchase,468.54
CONV-00602,CLK-003220,CAMP-011,2025-07-06,Demo Request,0.0
CONV-00406,CLK-003292,CAMP-012,2025-08-06,Demo Request,0.0
CONV-00549,CLK-003456,CAMP-014,2025-08-25,Newsletter,0.0
CONV-00033,CLK-002412,CAMP-002,2025-08-14,Purchase,253.39
CONV-00597,CLK-003452,CAMP-014,2025-08-23,Sign Up,45.72
CONV-00378,CLK-002250,CAMP-001,2025-08-20,Demo Request,0.0
CONV-00626,CLK-003385,CAMP-013,2025-08-23,Sign Up,83.21
CONV-00383,CLK-003788,CAMP-019,2025-09-07,Demo Request,0.0
CONV-00251,CLK-004065,CAMP-024,2025-07-11,Newsletter,0.0
CONV-00574,CLK-004036,CAMP-023,2025-09-25,Newsletter,0.0
CONV-00414,CLK-003235,CAMP-012,2025-08-21,Newsletter,0.0
CONV-00520,CLK-004414,CAMP-029,2025-08-07,Newsletter,0.0
CONV-00181,CLK-003374,CAMP-013,2025-09-12,Sign Up,89.35
CONV-00139,CLK-004733,CAMP-035,2025-07-11,Newsletter,0.0
CONV-00087,CLK-004753,CAMP-035,2025-08-05,Demo Request,0.0
CONV-00187,CLK-003751,CAMP-019,2025-09-08,Demo Request,0.0
CONV-00068,CLK-002990,CAMP-008,2025-09-07,Newsletter,0.0
CONV-00694,CLK-004460,CAMP-030,2025-09-19,Newsletter,0.0
CONV-00555,CLK-002804,CAMP-006,2025-07-13,Sign Up,82.31
CONV-00447,CLK-002202,CAMP-001,2025-07-29,Demo Request,0.0
CONV-00288,CLK-003728,CAMP-018,2025-07-18,Sign Up,90.34
CONV-00204,CLK-002238,CAMP-001,2025-08-21,Demo Request,0.0
CONV-00338,CLK-002905,CAMP-006,2025-08-31,Sign Up,94.95
CONV-00533,CLK-002397,CAMP-002,2025-08-22,Purchase,408.14
CONV-00183,CLK-004676,CAMP-034,2025-08-18,Demo Request,0.0
CONV-00723,CLK-003985,CAMP-023,2025-07-22,Demo Request,0.0
CONV-00419,CLK-003296,CAMP-013,2025-08-26,Newsletter,0.0
CONV-00219,CLK-004402,CAMP-029,2025-08-18,Newsletter,0.0
CONV-00128,CLK-004209,CAMP-026,2025-09-11,Demo Request,0.0
CONV-00315,CLK-002727,CAMP-005,2025-07-31,Newsletter,0.0
CONV-00743,CLK-003773,CAMP-019,2025-09-24,Newsletter,0.0
CONV-00621,CLK-002740,CAMP-005,2025-07-22,Newsletter,0.0
CONV-00189,CLK-002269,CAMP-001,2025-07-14,Sign Up,75.91
CONV-00155,CLK-003386,CAMP-013,2025-07-18,Purchase,174.34
CONV-00347,CLK-003146,CAMP-010,2025-07-21,Newsletter,0.0
CONV-00688,CLK-003242,CAMP-012,2025-08-09,Sign Up,141.39
CONV-00387,CLK-004772,CAMP-035,2025-09-14,Newsletter,0.0
CONV-00683,CLK-003797,CAMP-019,2025-09-05,Newsletter,0.0
CONV-00797,CLK-004800,CAMP-035,2025-08-16,Sign Up,133.25
CONV-00484,CLK-004955,CAMP-039,2025-09-03,Sign Up,92.49
CONV-00337,CLK-002711,CAMP-005,2025-09-20,Demo Request,0.0
CONV-00199,CLK-003930,CAMP-021,2025-09-18,Demo Request,0.0
CONV-00266,CLK-004368,CAMP-029,2025-08-07,Newsletter,0.0
CONV-00716,CLK-004731,CAMP-035,2025-09-05,Sign Up,55.88
CONV-00455,CLK-004174,CAMP-025,2025-07-21,Sign Up,52.13
CONV-00184,CLK-002873,CAMP-006,2025-08-12,Demo Request,0.0
CONV-00410,CLK-003355,CAMP-013,2025-09-11,Demo Request,0.0
CONV-00051,CLK-004600,CAMP-032,2025-08-21,Newsletter,0.0
CONV-00608,CLK-003767,CAMP-019,2025-09-16,Purchase,534.75
CONV-00258,CLK-004682,CAMP-034,2025-08-03,Demo Request,0.0
CONV-00327,CLK-002333,CAMP-001,2025-09-15,Newsletter,0.0
CONV-00174,CLK-004634,CAMP-033,2025-09-08,Demo Request,0.0
CONV-00034,CLK-003359,CAMP-013,2025-08-19,Sign Up,110.52
CONV-00496,CLK-002334,CAMP-001,2025-08-03,Sign Up,22.31
CONV-00535,CLK-004228,CAMP-026,2025-09-18,Sign Up,27.23
CONV-00786,CLK-004845,CAMP-036,2025-09-28,Purchase,214.74
CONV-00265,CLK-002404,CAMP-002,2025-08-16,Purchase,449.9
CONV-00432,CLK-003997,CAMP-023,2025-08-11,Sign Up,75.96
CONV-00776,CLK-002364,CAMP-001,2025-08-07,Newsletter,0.0
CONV-00278,CLK-002774,CAMP-005,2025-08-30,Newsletter,0.0
CONV-00019,CLK-001776,CAMP-007,2025-08-02,Newsletter,0.0
CONV-00222,CLK-004425,CAMP-029,2025-07-31,Newsletter,0.0
CONV-00041,CLK-004759,CAMP-035,2025-09-01,Newsletter,0.0
CONV-00783,CLK-002379,CAMP-002,2025-08-22,Newsletter,0.0
CONV-00553,CLK-004848,CAMP-036,2025-08-19,Purchase,460.07
CONV-00569,CLK-004081,CAMP-024,2025-09-20,Newsletter,0.0
CONV-00094,CLK-002395,CAMP-002,2025-08-27,Sign Up,23.12
CONV-00701,CLK-004564,CAMP-032,2025-09-01,Newsletter,0.0
CONV-00730,CLK-004386,CAMP-029,2025-07-07,Demo Request,0.0
CONV-00513,CLK-004115,CAMP-024,2025-07-25,Demo Request,0.0
CONV-00398,CLK-004515,CAMP-031,2025-07-15,Newsletter,0.0
CONV-00737,CLK-002309,CAMP-001,2025-07-09,Purchase,320.61
CONV-00634,CLK-003723,CAMP-018,2025-09-01,Sign Up,90.04
CONV-00678,CLK-004586,CAMP-032,2025-08-19,Demo Request,0.0
CONV-00373,CLK-002217,CAMP-001,2025-08-20,Purchase,326.25
CONV-00334,CLK-003923,CAMP-021,2025-09-13,Newsletter,0.0
CONV-00196,CLK-002322,CAMP-001,2025-08-13,Newsletter,0.0
CONV-00329,CLK-002780,CAMP-006,2025-08-14,Sign Up,58.89
CONV-00682,CLK-004389,CAMP-029,2025-09-06,Demo Request,0.0
CONV-00137,CLK-003918,CAMP-021,2025-09-19,Newsletter,0.0
CONV-00169,CLK-002637,CAMP-005,2025-09-10,Purchase,553.87
CONV-00115,CLK-003473,CAMP-014,2025-09-16,Purchase,465.88
CONV-00488,CLK-004369,CAMP-029,2025-07-09,Demo Request,0.0
CONV-00672,CLK-004248,CAMP-027,2025-08-19,Sign Up,27.97
CONV-00437,CLK-003801,CAMP-020,2025-08-07,Newsletter,0.0
CONV-00408,CLK-002757,CAMP-005,2025-07-22,Purchase,80
CONV-00151,CLK-002587,CAMP-003,2025-09-07,Sign Up,69.6
CONV-00167,CLK-002776,CAMP-005,2025-09-08,Sign Up,95.72
CONV-00728,CLK-002798,CAMP-006,2025-09-05,Demo Request,0.0
CONV-00708,CLK-002787,CAMP-006,2025-08-06,Purchase,457.38
CONV-00270,CLK-003926,CAMP-021,2025-09-16,Sign Up,33.33
CONV-00232,CLK-004277,CAMP-028,2025-08-27,Demo Request,0.0
CONV-00261,CLK-004390,CAMP-029,2025-09-28,Demo Request,0.0
CONV-00656,CLK-004866,CAMP-036,2025-08-28,Sign Up,74.03
CONV-00218,CLK-004035,CAMP-023,2025-09-28,Newsletter,0.0
CONV-00425,CLK-003857,CAMP-021,2025-09-09,Newsletter,0.0
CONV-00013,CLK-000471,CAMP-007,2025-07-20,Newsletter,0.0
CONV-00386,CLK-004121,CAMP-024,2025-09-25,Purchase,430.76
CONV-00059,CLK-003482,CAMP-014,2025-08-10,Purchase,273.53
CONV-00205,CLK-004864,CAMP-036,2025-09-18,Sign Up,22.84
CONV-00710,CLK-003195,CAMP-011,2025-08-14,Sign Up,133.13
CONV-00015,CLK-000427,CAMP-007,2025-08-27,Newsletter,0.0
CONV-00649,CLK-003536,CAMP-015,2025-08-23,Demo Request,0.0
CONV-00439,CLK-002278,CAMP-001,2025-08-17,Purchase,470.07
CONV-00072,CLK-004403,CAMP-029,2025-07-22,Newsletter,0.0
CONV-00442,CLK-004286,CAMP-028,2025-08-11,Demo Request,0.0
CONV-00465,CLK-002785,CAMP-006,2025-07-12,Purchase,501.44
CONV-00079,CLK-003278,CAMP-012,2025-08-02,Newsletter,0.0
CONV-00674,CLK-003505,CAMP-014,2025-09-29,Newsletter,0.0
CONV-00631,CLK-002560,CAMP-003,2025-08-04,Sign Up,72.41
CONV-00060,CLK-002463,CAMP-002,2025-08-10,Newsletter,0.0
CONV-00069,CLK-003000,CAMP-008,2025-07-25,Demo Request,0.0
CONV-00704,CLK-004454,CAMP-030,2025-09-11,Demo Request,0.0
CONV-00391,CLK-004388,CAMP-029,2025-07-30,Newsletter,0.0
CONV-00308,CLK-004155,CAMP-024,2025-07-29,Newsletter,0.0
CONV-00663,CLK-003290,CAMP-012,2025-08-14,Demo Request,0.0
CONV-00407,CLK-002289,CAMP-001,2025-08-04,Purchase,310.6
CONV-00522,CLK-002896,CAMP-006,2025-08-14,Sign Up,84.08
CONV-00058,CLK-002821,CAMP-006,2025-09-12,Newsletter,0.0
CONV-00792,CLK-004468,CAMP-030,2025-09-20,Sign Up,109.0
CONV-00706,CLK-004660,CAMP-034,2025-08-15,Newsletter,0.0
CONV-00525,CLK-002618,CAMP-004,2025-08-02,Sign Up,78.06
CONV-00154,CLK-004559,CAMP-032,2025-08-12,Sign Up,69.29
CONV-00165,CLK-004785,CAMP-035,2025-08-30,Newsletter,0.0
CONV-00061,CLK-004554,CAMP-032,2025-08-16,Purchase,483.99
CONV-00353,CLK-003030,CAMP-008,2025-09-05,Sign Up,69.95
CONV-00558,CLK-004768,CAMP-035,2025-09-25,Demo Request,0.0
CONV-00302,CLK-004216,CAMP-026,2025-09-12,Newsletter,0.0
CONV-00469,CLK-003165,CAMP-011,2025-08-21,Demo Request,0.0
CONV-00153,CLK-002423,CAMP-002,2025-09-01,Sign Up,18.28
CONV-00627,CLK-004159,CAMP-024,2025-08-17,Sign Up,68.43
CONV-00600,CLK-004241,CAMP-026,2025-09-20,Newsletter,0.0
CONV-00377,CLK-002549,CAMP-003,2025-09-13,Sign Up,48.41
CONV-00241,CLK-004204,CAMP-025,2025-07-28,Demo Request,0.0
CONV-00505,CLK-004641,CAMP-033,2025-09-02,Demo Request,0.0
CONV-00103,CLK-004787,CAMP-035,2025-09-15,Newsletter,0.0
CONV-00121,CLK-004053,CAMP-024,2025-08-13,Demo Request,0.0
CONV-00714,CLK-002575,CAMP-003,2025-07-08,Newsletter,0.0
CONV-00793,CLK-002581,CAMP-003,2025-08-08,Demo Request,0.0
CONV-00294,CLK-003818,CAMP-020,2025-08-25,Newsletter,0.0
CONV-00510,CLK-003128,CAMP-009,2025-09-14,Sign Up,109.15
CONV-00732,CLK-002495,CAMP-002,2025-08-19,Demo Request,0.0
CONV-00501,CLK-003871,CAMP-021,2025-09-12,Newsletter,0.0
CONV-00578,CLK-004632,CAMP-032,2025-08-25,Demo Request,0.0
CONV-00044,CLK-004756,CAMP-035,2025-09-30,Sign Up,119.54
CONV-00328,CLK-003255,CAMP-012,2025-08-19,Newsletter,0.0
CONV-00676,CLK-004997,CAMP-040,2025-07-20,Sign Up,65.07
CONV-00404,CLK-003250,CAMP-012,2025-08-31,Sign Up,62.46
CONV-00240,CLK-002674,CAMP-005,2025-08-29,Demo Request,0.0
CONV-00585,CLK-004243,CAMP-026,2025-09-09,Newsletter,0.0
CONV-00637,CLK-004168,CAMP-025,2025-07-15,Demo Request,0.0
CONV-00080,CLK-003893,CAMP-021,2025-09-06,Newsletter,0.0
CONV-00497,CLK-004921,CAMP-038,2025-07-07,Newsletter,0.0
CONV-00220,CLK-004727,CAMP-035,2025-09-18,Newsletter,0.0
CONV-00690,CLK-004287,CAMP-028,2025-08-04,Sign Up,41.12
CONV-00405,CLK-003780,CAMP-019,2025-09-27,Purchase,214.37
CONV-00711,CLK-002689,CAMP-005,2025-09-10,Newsletter,0.0
CONV-00434,CLK-002467,CAMP-002,2025-09-01,Sign Up,20.36
CONV-00160,CLK-004998,CAMP-040,2025-08-21,Demo Request,0.0
CONV-00272,CLK-002979,CAMP-008,2025-07-22,Purchase,595.58
CONV-00758,CLK-004032,CAMP-023,2025-09-23,Newsletter,0.0
CONV-00417,CLK-002363,CAMP-001,2025-07-29,Sign Up,69.76
CONV-00748,CLK-002765,CAMP-005,2025-08-15,Sign Up,56.89
CONV-00483,CLK-002606,CAMP-003,2025-08-08,Sign Up,116.84
CONV-00471,CLK-003299,CAMP-013,2025-09-07,Newsletter,0.0
CONV-00567,CLK-004218,CAMP-026,2025-09-10,Newsletter,0.0
CONV-00032,CLK-004871,CAMP-037,2025-08-07,Sign Up,33.89
CONV-00298,CLK-004296,CAMP-028,2025-08-06,Sign Up,61.69
CONV-00300,CLK-002853,CAMP-006,2025-07-18,Demo Request,0.0
CONV-00791,CLK-002246,CAMP-001,2025-09-21,Demo Request,0.0
CONV-00253,CLK-004584,CAMP-032,2025-08-14,Sign Up,71.69
CONV-00307,CLK-004838,CAMP-036,2025-09-15,Sign Up,83.32
CONV-00097,CLK-004815,CAMP-036,2025-08-31,Newsletter,0.0
CONV-00598,CLK-004493,CAMP-031,2025-08-10,Newsletter,0.0
CONV-00131,CLK-002760,CAMP-005,2025-07-20,Sign Up,75.98
CONV-00658,CLK-003265,CAMP-012,2025-08-06,Sign Up,34.06
CONV-00729,CLK-004021,CAMP-023,2025-07-26,Newsletter,0.0
CONV-00259,CLK-003782,CAMP-019,2025-09-13,Demo Request,0.0
CONV-00570,CLK-002335,CAMP-001,2025-08-21,Sign Up,55.7
CONV-00336,CLK-002273,CAMP-001,2025-09-23,Purchase,246.87
CONV-00527,CLK-004708,CAMP-035,2025-08-26,Sign Up,90.31
CONV-00279,CLK-003681,CAMP-018,2025-08-08,Demo Request,0.0
CONV-00211,CLK-003825,CAMP-020,2025-07-15,Demo Request,0.0
CONV-00399,CLK-002499,CAMP-002,2025-08-29,Sign Up,104.39
CONV-00053,CLK-002480,CAMP-002,2025-08-05,Sign Up,50.04
CONV-00771,CLK-003425,CAMP-013,2025-09-27,Sign Up,89.28
CONV-00766,CLK-004890,CAMP-037,2025-08-26,Demo Request,0.0
CONV-00788,CLK-003021,CAMP-008,2025-08-17,Demo Request,0.0
CONV-00135,CLK-004877,CAMP-037,2025-08-04,Sign Up,93.29
CONV-00654,CLK-003899,CAMP-021,2025-09-30,Newsletter,0.0
CONV-00185,CLK-004406,CAMP-029,2025-07-26,Sign Up,93.64
CONV-00178,CLK-002810,CAMP-006,2025-09-01,Demo Request,0.0
CONV-00725,CLK-004938,CAMP-038,2025-09-19,Newsletter,0.0
CONV-00508,CLK-004238,CAMP-026,2025-09-30,Purchase,266.06
CONV-00521,CLK-004338,CAMP-029,2025-09-02,Purchase,351.72
CONV-00593,CLK-003913,CAMP-021,2025-09-23,Sign Up,98.26
CONV-00543,CLK-003112,CAMP-009,2025-08-16,Newsletter,0.0
CONV-00173,CLK-003936,CAMP-022,2025-08-10,Demo Request,0.0
CONV-00590,CLK-003680,CAMP-018,2025-09-18,Purchase,483.85
CONV-00615,CLK-002281,CAMP-001,2025-07-30,Newsletter,0.0
CONV-00763,CLK-003311,CAMP-013,2025-08-01,Demo Request,0.0
CONV-00617,CLK-003531,CAMP-015,2025-08-05,Demo Request,0.0
CONV-00490,CLK-004500,CAMP-031,2025-09-24,Sign Up,101.95
CONV-00207,CLK-004647,CAMP-033,2025-09-03,Sign Up,42.82
CONV-00175,CLK-002440,CAMP-002,2025-08-17,Demo Request,0.0
CONV-00680,CLK-003142,CAMP-010,2025-07-30,Newsletter,0.0
CONV-00731,CLK-003323,CAMP-013,2025-08-09,Sign Up,142.74
CONV-00213,CLK-003340,CAMP-013,2025-09-18,Newsletter,0.0
CONV-00314,CLK-004716,CAMP-035,2025-08-23,Newsletter,0.0
CONV-00749,CLK-002716,CAMP-005,2025-09-12,Demo Request,0.0
CONV-00023,CLK-004638,CAMP-033,2025-09-30,Demo Request,0.0
CONV-00055,CLK-004821,CAMP-036,2025-07-16,Sign Up,92.06
CONV-00746,CLK-003885,CAMP-021,2025-09-10,Newsletter,0.0
CONV-00070,CLK-003087,CAMP-009,2025-09-28,Demo Request,0.0
CONV-00431,CLK-003814,CAMP-020,2025-07-16,Sign Up,31.6
CONV-00114,CLK-003448,CAMP-014,2025-08-13,Demo Request,0.0
CONV-00650,CLK-002367,CAMP-001,2025-09-17,Newsletter,0.0
CONV-00215,CLK-004673,CAMP-034,2025-09-10,Demo Request,0.0
CONV-00046,CLK-003424,CAMP-013,2025-08-28,Sign Up,33.8
CONV-00360,CLK-004915,CAMP-038,2025-08-14,Sign Up,46.17
CONV-00516,CLK-004735,CAMP-035,2025-07-14,Newsletter,0.0
CONV-00385,CLK-003610,CAMP-017,2025-09-25,Newsletter,0.0
CONV-00267,CLK-002569,CAMP-003,2025-08-10,Demo Request,0.0
CONV-00362,CLK-003439,CAMP-014,2025-08-02,Demo Request,0.0
CONV-00138,CLK-004479,CAMP-030,2025-08-08,Newsletter,0.0
CONV-00751,CLK-004152,CAMP-024,2025-09-12,Sign Up,112.87
CONV-00519,CLK-004904,CAMP-037,2025-08-10,Purchase,407.23
CONV-00236,CLK-003813,CAMP-020,2025-07-06,Sign Up,88.62
CONV-00427,CLK-002486,CAMP-002,2025-08-26,Newsletter,0.0
CONV-00661,CLK-002783,CAMP-006,2025-08-09,Demo Request,0.0
CONV-00632,CLK-004143,CAMP-024,2025-07-22,Newsletter,0.0
CONV-00440,CLK-003009,CAMP-008,2025-08-25,Sign Up,60.64
CONV-00652,CLK-004522,CAMP-031,2025-09-25,Sign Up,93.25
